x1,x2,x3,y
0.9833002109972963,0.20463860424145675,0.5481371896239543,0.47730649932147795
0.7400189476472023,0.028743437064081334,0.26996130769369286,0.26461134372614203
0.4090394791116341,0.5642120416104991,0.5314806810441637,0.463663780723142
0.8259916225551747,0.8050637364071943,0.6681407276050974,0.6739737364752322
0.5493603187697346,0.508997311491312,0.49847298600549383,0.4619604516035381
0.031481232058573005,0.3520208566621498,0.4389502851056689,0.2874826174526271
0.4645230600588136,0.7162834297633897,0.24722180237998004,0.4066783618927717
0.33958967171416143,0.3025897042919554,0.3955323644776607,0.3169077914214832
0.3050811702031362,0.016550615541763514,0.9733624669300348,0.4553264054751702
0.4475324676484408,0.17642589728592561,0.915650888451909,0.5086946180962295
0.1936745404578496,0.9631441518360143,0.9765256323470517,0.718288406581195
0.9453655850577284,0.911858025546495,0.6567493600245004,0.7253302686852943
0.8705250074957545,0.18466244463007753,0.8316015759537851,0.5621443652696883
0.8363627274304385,0.2905243504818489,0.9558741193634317,0.6367794983760151
0.9214190889038684,0.33743648061691434,0.04570794492736607,0.3037979399367944
0.947146084725199,0.14946228946944506,0.24962231948180902,0.33411683157859695
0.9775381118161242,0.05574147553598052,0.4459637212713745,0.3906155535325688
0.33408195150069586,0.27874325831806657,0.17448672283965705,0.220234056931422
0.4523248918417405,0.18007899276952122,0.04049574928016919,0.16068697591127215
0.07733730702724906,0.03586952682885858,0.9024086618544832,0.38719178419590067
0.12679928946213348,0.6688653986671452,0.35487728125508056,0.3679703899946025
0.9650431830571405,0.11500866175867608,0.5918677658140736,0.4642583414646604
0.9455781339212195,0.30489360443606517,0.14788989756485305,0.3397396671410047
0.010082242907799577,0.9251868704228678,0.1196688299394354,0.3274400416841944
0.28004471461457825,0.8978455534064836,0.0707421787234005,0.35365948043422096
0.7122841738412146,0.1722197667022224,0.9846664411305127,0.5879893412311148
0.5232246330603709,0.17076552943288814,0.7306165357960797,0.44812119976037246
0.5734946957406061,0.30401746101297045,0.02969069291769122,0.21778045461908882
0.8948274721755793,0.6066058735587451,0.2710143396442163,0.46935299236042594
0.2747027725226102,0.9628206854016428,0.08182141987749114,0.37651532807601135
0.6986417361961208,0.4024347859895614,0.004553306589450412,0.26228010567187277
0.4221452353068089,0.9991446256190518,0.201369002668492,0.4647200358144741
0.1180514013833257,0.3628730695187041,0.6196583736280717,0.3803355505835051
0.7093467222582971,0.5566325613600878,0.6427733618508914,0.5659684576000423
0.639706823484395,0.8732773738402934,0.15032512273438814,0.4500546259427222
0.10151047766280463,0.15773007906506253,0.5994278619523942,0.3073922640330374
0.0968579999519169,0.09261747971612633,0.5604848312828392,0.271350776418357
0.987839704080946,0.39820529377774383,0.4860157784319823,0.5114358403223053
0.6590747770757334,0.9381149411127198,0.5107953777389487,0.6175675888445421
0.10349487665506096,0.9575738543363956,0.619337125844482,0.5557059819697237
0.11661144802690171,0.3825807935374185,0.03536675318773408,0.1522432289416995
0.6951542247456282,0.2731832365784368,0.9626389651854509,0.606041401996837
0.2796362874626198,0.7990503182914008,0.4180267896421477,0.46285306883680327
0.6097473971141176,0.04670463490043497,0.7934129135903045,0.45332603532907584
0.07096550691946424,0.9901110248383729,0.02364125091885816,0.32068290920294795
0.5660201142178457,0.4329056627663813,0.24929916624072757,0.34279538816977456
0.0166672034182056,0.15550809919893382,0.6808513501221859,0.3223264104921956
0.1340376292605594,0.7838982984191358,0.746551790623918,0.5605977316274198
0.37375435455684103,0.3514924909667213,0.5109972961101337,0.38459753664543805
0.06237139793966506,0.13937181100239815,0.07021051770178299,0.08237002996936565
0.7957578749618468,0.3986970879021524,0.2530727683527907,0.3799898087041314
0.7950781708554405,0.9438187646729823,0.46865956754307536,0.629625090590213
0.6603127988557984,0.8385995983269078,0.6172522490191967,0.6305433388769107
0.07105084074329604,0.8121489299043718,0.16592608697028877,0.32422528190808625
0.31708723811160655,0.4061467399452078,0.4189495363535988,0.3528412841473232
0.8723806427972038,0.5369048690641363,0.1044721628474603,0.3773364544176658
0.8568832056462029,0.04359393379723586,0.6594252301838734,0.44822491334196074
0.8137145354177958,0.3618313748518194,0.5178180330803995,0.4784195327712648
0.11322188510988507,0.4106871721511237,0.31415857272685244,0.2715139577580551
0.4122118763592242,0.6749958567739603,0.02012845521938489,0.2929925143917869
0.1833778329912562,0.8331203093075674,0.5742942978577731,0.5163293785336307
0.7043155242812664,0.833729344114493,0.8511173005273253,0.7314288283015313
0.6800949168141898,0.7691479271288593,0.5766772916584536,0.5974342781648772
0.9686452201440638,0.6827267197352309,0.4337799547919041,0.5720590418661438
0.08705387986625268,0.0860931861245472,0.9432241596918124,0.4205283956873397
0.7483225546987169,0.21639813435728183,0.6830406070511458,0.4878001940673863
0.1962231077756682,0.705235578215145,0.5115374464348201,0.4554302735936052
0.5864327581289963,0.43667270348447274,0.6495076003677623,0.5080914028182459
0.8269352739752667,0.8430704044403369,0.829796001611666,0.7502265767718208
0.32442489417072384,0.014275797255016154,0.8929414016918226,0.4263442786873787
0.32962031581637397,0.8935662667141269,0.37118012926938715,0.48246599488526776
0.2719247714541717,0.05064444191750672,0.21036438868904994,0.15372404234170634
0.14281263407420708,0.6166367295924573,0.23897904284718607,0.30914516283145305
0.2761820389306471,0.7551187256495157,0.40486450644456584,0.44371782805881044
0.3364822245964014,0.6918517788475275,0.7507792017724956,0.5751636592825369
0.037987691121902034,0.5910375640479967,0.5613038217363552,0.40943033613332147
0.4979133082702675,0.1235194558901388,0.5117542409811356,0.3413401948135494
0.18947941187378858,0.5885478844584988,0.7989998945727907,0.5340602055414236
0.762912070239861,0.872881556960059,0.5900995137078872,0.6504866866191448
0.18946707594671608,0.1500862310766471,0.3076109968793038,0.2059636832640589
0.2188654090018778,0.558529248616455,0.883557926097203,0.5647550268241933
0.6528332343420282,0.2511512695921472,0.31814323987006377,0.33316932369407537
0.06254757511468334,0.18001081466993318,0.5750915859718744,0.29654939381266643
0.08493697352023899,0.09380110421426968,0.42194877040991274,0.21390723413229382
0.17879071746784558,0.190344296429251,0.05332364045575899,0.114190888604648
0.6543485304137563,0.8738714199191014,0.595712731184842,0.6313162245324185
0.4423210741592988,0.29392627546016015,0.08063475834763667,0.20889600080896248
0.46760011652358924,0.9491048796491052,0.6697379247798912,0.6461466571114058
0.5604433562019687,0.41692308576951953,0.5460878195516017,0.4556007247918903
0.420010265990282,0.6152105210931293,0.439672453460234,0.44443419091008884
0.9164508205467286,0.38856981876757857,0.03554461681023657,0.314078956463714
0.3166860767546241,0.20947348557209655,0.0753828847243464,0.15633241491229233
0.6432278672375618,0.3686290329243036,0.3275596206368926,0.37025813157956045
0.3659189805107058,0.7556738550546711,0.7077896224744409,0.5830018016083189
0.6447778609557346,0.23602740894883079,0.19624844794353535,0.2782631740532103
0.22071309167509068,0.012372964927521712,0.08844329408775531,0.08323182544837678
0.34415139654837434,0.1404299817524156,0.6994034970009749,0.3907206726357895
0.29067096328844433,0.8216655499696731,0.896125339786064,0.6630839935630164
0.3842797857251644,0.171448895011176,0.24540907239123222,0.22645425460487859
0.8802287954856146,0.8324383256416311,0.0706092228866887,0.4540209459442877
0.06533658493441874,0.8443456183014276,0.03985609517063693,0.2823134405455668
0.6465170971445501,0.019507639362667972,0.15367952233072224,0.19662752016999932
0.2654290474216159,0.07640275192854817,0.549366541597691,0.2957532517019641
0.38469269841338194,0.4300876863023563,0.05371952543630287,0.2274526557479044
0.45521728939464934,0.1104959234927444,0.9285883728968471,0.49562758408549207
0.9502072998236054,0.6620995905785895,0.104837129022603,0.43060618874733914
0.15085716066799404,0.07558368788752379,0.30689148206718064,0.17560313132672822
0.190249136888212,0.9131810431705473,0.8958099543353952,0.6703281220629647
0.5612766790241684,0.9943162434342436,0.018155286979651186,0.41781232362696724
0.5416591190564113,0.726125383080394,0.38315271529709327,0.47943052485423776
0.6416801005964474,0.7795424677584926,0.4567886866337121,0.5449142351003221
0.10438305524852576,0.862460662234855,0.9514531455934072,0.6601960679575245
0.059676654955928,0.03499381167013471,0.5100240007864135,0.22644307480679143
0.8306713145092512,0.8066193358120388,0.49224908893337627,0.6050196992188125
0.9381031620461365,0.7359433115949627,0.548196821701692,0.6276823545683929
0.36604853582531816,0.6108726104975338,0.38658225132211377,0.4111043908431693
0.4168460921725693,0.7651947233754443,0.9873435252014047,0.707865045527709
0.993224027906834,0.06686696231940759,0.5126197797744676,0.4237528061869761
0.47424812892241697,0.9518612401420551,0.17977974802955954,0.4523198970389238
0.506200573612785,0.8762088575484068,0.7488844288836901,0.663656543540555
0.9709859522299867,0.8096812067673,0.32393499029834905,0.566675548595527
0.3755899172858007,0.2415568066457533,0.13072652427717302,0.19987563516175536
0.224618596030289,0.12083042919256215,0.3371930284534147,0.21605005934519234
0.08808588631511405,0.5997776544512015,0.029239289220492126,0.2092461892865801
0.9035724900060041,0.8503251789379821,0.47803414240285347,0.627025708643737
0.6965700792594637,0.7746541328302473,0.3287216248697372,0.5031989056488618
0.16394548129218756,0.6122064159824435,0.05044467902087124,0.23662889266151907
0.31821392239030455,0.46571420655301443,0.5583929838184859,0.4267142399713596
0.8534089459632648,0.9832742905497612,0.5506521493019254,0.6859249360783515
0.1911855693987501,0.6737783546819713,0.8213135879035626,0.5688960554457665
0.19033395672876519,0.8837247918438913,0.041959904680374915,0.31996819077107036
0.26866601081255026,0.8376653792275578,0.6237815960021805,0.5545454543316496
0.2009150072244983,0.024917780474937423,0.12578854596574163,0.09797375397367755
0.3246520097915122,0.3292090440806894,0.644456342365383,0.4214756521286625
0.8441864393453425,0.3217211710049699,0.753903419476549,0.5669150069611791
0.962993070116265,0.09900414250199663,0.8552380809641438,0.5643950891595095
0.5910210310607196,0.7161360876720421,0.3729883036644853,0.4822403539795507
0.5120972509455084,0.4463196456863696,0.9540998627023247,0.6179552889759425
0.5052606976855287,0.7807973504832499,0.7715346042758636,0.6439051863924261
0.3615458278582905,0.8648329886283666,0.8658811179297204,0.6781115093320562
0.6276041764798606,0.058895931245001254,0.26801267926223027,0.2503946863743646
0.03508014745774124,0.27350206441763947,0.5926468676685548,0.32612539588426204
0.3114194227420405,0.7861372693851625,0.33942039895224596,0.4338932249448552
0.9074090096557352,0.5774723280669009,0.3576099477279132,0.4977674794423826
0.8480213265268216,0.033277933525121206,0.22717593342631892,0.27045801873342823
0.2264447722185512,0.5743569642007784,0.15749541422989888,0.2805942093959033
0.2419761528687122,0.5108996726004833,0.9146326272841381,0.5675181832675427
0.09973634345743887,0.17774593581436138,0.1925190882823079,0.15027868474871936
0.463392816713474,0.7632082524089611,0.8759074598237918,0.6720040229948998
0.6710396905350846,0.1545961147116639,0.6348941141394473,0.434544418176295
0.38485813099504973,0.31338897104485663,0.7187054165895872,0.4584704841483018
0.31735386869933047,0.23508482425298716,0.9538895471335528,0.5155520398691834
0.4358723478290012,0.5303580186006042,0.06177964599553387,0.27099373354419504
0.5730042281577664,0.08359692062412794,0.810572627539784,0.4639089728347052
0.20741548673154864,0.005713495604347085,0.5562376325971113,0.2656921990664584
0.1699915079473876,0.9011522230807336,0.006196178835199184,0.30682244004777726
0.7431315681731507,0.18687725527688104,0.5888095566390494,0.4402133128733142
0.885831123347086,0.5220442369321042,0.017962074370584946,0.3409643254972825
0.6915627314997501,0.026318517545229625,0.5688625569642721,0.3737531243492278
0.688914438408331,0.40175826075303334,0.7156931362648266,0.5445876204135068
0.037400971998869825,0.028006934323911548,0.20667788976139423,0.09855343060150513
0.7190680434059152,0.9959728120199706,0.03043971846327609,0.45478133967248463
0.4530314346055533,0.9782736080563907,0.5582187190091656,0.6073758569416942
0.01585909344534786,0.8680183562899286,0.9521413056466337,0.6444338478347016
0.27486759588647447,0.4623274646058816,0.45304166713940675,0.3748884254148221
0.5342614514395722,0.05934063729381445,0.0684290987666959,0.15202612098273713
0.52496262559109,0.15396275204222765,0.9695086116306985,0.5389847953831657
0.6763285244676417,0.5707811203862548,0.43889233363244373,0.48205697446238227
0.24392276384594103,0.6042820625162914,0.7952912417231712,0.5481856682133441
0.22660540635256066,0.6551587762554746,0.5203535306274564,0.4500101263981371
0.17355168290023604,0.8269088634518202,0.7689072221323504,0.5903458844685334
0.7392646980702441,0.6825539784394017,0.9590869234614066,0.736253902530432
0.6905039998557119,0.6478238026646194,0.4553103553748459,0.5145720829204665
0.40561696337801967,0.8933040476951727,0.862762919154788,0.694219774646071
0.5537152446856118,0.5012112121231478,0.6067329964958976,0.5037996111724258
0.7428921920759596,0.8201889724263384,0.587188895108969,0.629510688186681
0.9102755325673721,0.22261617449104087,0.03245571874814801,0.2618222463600459
0.13272461644074185,0.08483774624633367,0.8281044507259824,0.38323802745244145
0.5901222977529974,0.6208507973752772,0.7226884033874938,0.5933550601181802
0.00874166762954065,0.43201444706850145,0.8643651329689963,0.47709872083405713
0.5147173743146888,0.20589842445361228,0.5770518899992654,0.3955337581987276
0.1855985819790844,0.8754076343824571,0.480770793959181,0.4920503242942264
0.6968999320839672,0.00901779556291693,0.7406449953353927,0.4383433232198256
0.5249293504174631,0.15173077762622622,0.28798072505152417,0.2656973933919702
0.20006420267923242,0.576136982575482,0.3618585595812759,0.35759735914100144
0.9575085386950154,0.9858163384697504,0.9221404326587594,0.856102782343432
0.9125098558825369,0.5937950159474528,0.4149737409231118,0.526629972329988
0.31497863446152174,0.9913359476423875,0.1699328343596731,0.4283696449288899
0.7701509912266085,0.11549356093304142,0.7677916621753134,0.49579493139535946
0.424204230865901,0.7064929912627173,0.3453595918152491,0.434932580278095
0.5662990941027681,0.478982555487552,0.1036865964040895,0.29842922402845506
0.016805228345168843,0.7656237278499487,0.8714235088147627,0.5816175675499234
0.5390483110231895,0.5411785150851015,0.170199476624868,0.3382430073801156
0.3186378014865101,0.24090205966518397,0.6665558387737974,0.4026205137063762
0.43083099845991846,0.9756803751308711,0.21730801088986518,0.4657935165871911
0.6788388450399309,0.6630423259666861,0.16492146121998774,0.4006490512859871
0.2875814360308393,0.10382904131022175,0.9648254131248993,0.4745951648491942
0.36409590640809886,0.12070676249567136,0.09266796256474652,0.1460983950562198
0.006500260131379276,0.6163511893095914,0.5679814849182937,0.41339800278647076
0.4658568722162366,0.8727594629716094,0.568604877064445,0.5824411641605082
0.511448102558724,0.5134521409249571,0.9380901695665587,0.6315613306158554
0.057326393247756124,0.5113678805878475,0.9604840659506496,0.5490692692061654
0.10634375760985848,0.20239054498949505,0.7132886457465117,0.36730137331742496
0.9511964394532351,0.22664926334242208,0.8072773131618421,0.5811449921581104
0.8959780287340983,0.03940137736316229,0.8006051988141553,0.5112580984814306
0.8454362337947098,0.25098753091179093,0.9528657444873544,0.6255298038274211
0.8045037823355915,0.11862168395604678,0.17026496159127114,0.2645932462904408
0.35031394903749946,0.7765897997714023,0.15567953394336576,0.36531154331626686
0.9529944263697558,0.46173198697988094,0.943392830236882,0.7064756134626683
0.8814814744074636,0.5877470551605944,0.025696606966970403,0.3628990542164592
0.8412892019394044,0.47279206054626766,0.27950398184174663,0.42189705128845983
0.007040916053834612,0.8032340488662203,0.6590652768878994,0.5060045086257927
0.8591243247818913,0.6787185299746268,0.16567437108597005,0.44171017238315435
0.9238274189703705,0.3748674086604743,0.4145133570638754,0.4630310492177665
0.5208360915933019,0.16364469149012606,0.2747540197929229,0.2631622336828674
0.2822638382636702,0.2894813139910606,0.18348180607907638,0.21668988428168276
0.7401018536394922,0.9789052355677403,0.5111409098193346,0.6461483053259544
0.5334095115263505,0.7511206885868379,0.7751875641969087,0.6420931345600849
0.2715462686344008,0.08982672411110038,0.44140779285577303,0.2578203881025195
0.8684703459896983,0.02398632138635648,0.6111911621458099,0.4253664304721706
0.5447329611900769,0.02927424430204051,0.599392668847893,0.35748593306778476
0.8321951479834463,0.8545516113945717,0.22521561698114445,0.5128907598075185
0.04669542435777685,0.36147096963143266,0.6339261173074401,0.3713508226839612
0.0020386200304222113,0.9737667561534834,0.34155329526367406,0.4291590689575991
0.6369561722677974,0.8651505388885774,0.3291010555571715,0.5185768183430013
0.466086292783782,0.6012985823021212,0.8681795504719253,0.6208786534361629
0.305052027029986,0.2547458516742557,0.427761817480819,0.30853888790060147
0.23684683883998592,0.35880486497095077,0.6598934187701587,0.4189681947673459
0.725176553697965,0.6557723412852474,0.1911245946144382,0.4182168509709425
0.5989450350371989,0.4032054068000913,0.06308969266591802,0.26598650611383434
0.6527213157361763,0.7451062754492902,0.5301718920174284,0.5661449025889936
0.08452306709560486,0.6099514485970023,0.1997789054893725,0.27980161019397065
0.203478661439648,0.7897482704198395,0.08765397278703979,0.3126818025286974
0.5382588629246242,0.20770915712168514,0.5339398950237216,0.38354047773091904
0.9610211006291689,0.782781215062654,0.55342873795304,0.648410079825846
0.2123636785533154,0.2777392496330692,0.230057057543673,0.21781733361805306
0.827327721952984,0.115189794356363,0.6781191994615897,0.4712701624821416
0.7650721546673906,0.9300936379842688,0.9748595126024096,0.8219863273697225
0.6245818550341765,0.5518857497763329,0.6183789844323836,0.5378336897126886
0.7536624240797701,0.7253717392402458,0.035337040714567336,0.3824788228738547
0.7896307243359356,0.15989241686485367,0.15432861484533733,0.26762531586477817
0.15768249237591758,0.9588329450072318,0.30137931090542736,0.439738106339524
0.2820594114788031,0.4052261295761801,0.9602617718912677,0.5620844299251218
0.8887497025185145,0.6841969567833243,0.7184637988367818,0.670394547073413
0.29239944527782546,0.6023533056357055,0.9284773418767425,0.6105768174969738
0.8969818745532028,0.5560001916060081,0.9084529542000597,0.7095776140724669
0.6103451360878408,0.44181650154690977,0.8143006940174491,0.5803342552886207
0.3866863134275471,0.7225736626172033,0.8258455655617717,0.6244475876953791
0.39799222887769437,0.7560339759297829,0.5860755030537957,0.540838839775992
0.15501011943641085,0.7791897355497758,0.5749835879272668,0.4947523797231216
0.48171096813909975,0.12526718002637927,0.32366366516864575,0.2633878137031921
0.34326168186056727,0.8027424905046471,0.16027129253346728,0.37358360053689454
0.8579181636295298,0.8299026305745835,0.6883964312711048,0.6959129944067228
0.0059445011170214945,0.8843568026101074,0.3772847009384762,0.417409821381827
0.6312534347040029,0.14903491381904643,0.29957055224084517,0.29078938198285254
0.21689660017014945,0.7327206343920771,0.6265315267738485,0.5138081210611924
0.4092489848795686,0.957284182367305,0.5173755670935293,0.5759852785235169
0.054594269112794414,0.1948936992838064,0.1599429084009928,0.1333641269680979
0.04449726328103443,0.6835784006027045,0.038519370546977405,0.2293807210558092
0.8465993115398607,0.997168510105716,0.5266047464859555,0.6791123139340691
0.2232300998379395,0.26400396614668864,0.32902343896392905,0.2554565853971661
0.2683090749579957,0.84392131462713,0.8598101139070807,0.6507622549425705
0.4950615142843443,0.21944395064621758,0.8174634280911588,0.49183085928719766
0.9680638973094939,0.11495230495606257,0.07622936572447025,0.25859021723850567
0.31301678395814103,0.03291858247909307,0.34182812818178054,0.20921018280806836
0.34675920872292043,0.36732947016236983,0.03113254450218339,0.19200370059416838
0.7436681925278028,0.9524634852981119,0.8634311928264166,0.7798451612255607
0.22846146094759945,0.36752971290735736,0.6986183577309503,0.43539854915410725
0.5515119426957116,0.7778892259809072,0.7387283470444902,0.6391604951512105
0.770331980065497,0.02629809975465791,0.4940915262900544,0.3595924364555185
0.8880094271630031,0.10821356447103692,0.07284980922990414,0.23920587846587338
0.6258346946320757,0.9196723623179307,0.49549708407833304,0.5992674812531276
0.3567251975162431,0.7939350423675298,0.45151436010717527,0.49013129625637764
0.6752160522721057,0.8039900825283378,0.4028077353724262,0.537363329361893
0.8220162717089987,0.4025353853311403,0.10832129024665016,0.3284923860398019
0.9448479759439005,0.2793229829401671,0.2909303871505097,0.38913864493103406
0.16899042383686036,0.6261758427434823,0.7040972676290573,0.5032897446420397
0.4556549024409533,0.19614579254594278,0.07083470835250938,0.17830860159297726
0.9637763335167521,0.7596884661713036,0.6108201469981711,0.66498986535401
0.10174170956534967,0.3723954227480839,0.4682993159471407,0.3193866951163514
0.08511113587589192,0.30137202931744667,0.18987684267036253,0.1833845730385574
0.12378216125517805,0.17302624730802207,0.7750136141085573,0.38666975208686516
0.8904238976865579,0.1824743158850728,0.2518016754547747,0.33354774448474334
0.47696903275325253,0.5617386169498759,0.833652455080279,0.5973763736677249
0.009237852540794234,0.03898731063200522,0.4892777466249668,0.20925486234774715
0.4485608122596182,0.8261285420659049,0.1918654004565471,0.41429688525431396
0.6488573128545595,0.011451183395863707,0.1612895445685375,0.197722635417086
0.8932908374931974,0.020721976502301676,0.23039640065643086,0.27703332071190234
0.12689950361078894,0.6591068834667335,0.09667995524777617,0.26178394786128834
0.701197939913009,0.7221189715360046,0.1192272511915976,0.4045661799200422
0.5946424459114741,0.7895802117966758,0.2876586009992279,0.47086599312098876
0.3602672327267459,0.1607529344296723,0.882770859180664,0.4733876705465165
0.555191266024069,0.562793830816324,0.14120848541589037,0.3363597966160672
0.7563704133187633,0.0854148135050713,0.4403867322988413,0.3530532196348106
0.07364363132984952,0.5976241037452598,0.5087226271545104,0.39750500825135204
0.396453918137866,0.8438297061114273,0.935909304015105,0.7068034170670434
0.9600590437419751,0.14406821961551008,0.07844441077449826,0.2666100389428474
0.7663612264243225,0.17847722012781053,0.3285835191694212,0.33824881899097614
0.7524740076248683,0.36862708266908295,0.7332954258379051,0.5544010966608606
0.3252049781676405,0.3924141810595919,0.575594797321222,0.41300316887989447
0.6824462332351923,0.08477122818210858,0.3250391229949734,0.29193626429966035
0.40552398616363083,0.2506409858323353,0.6089836513990319,0.3998905535420395
0.24944758131707478,0.276402162553789,0.9034343248524719,0.49418389497054044
0.3538637077382092,0.8944678915380172,0.9682333186858151,0.7264064364833731
0.6389343467346996,0.15883788993882675,0.5728140957429568,0.4045638746257707
0.12122802416918621,0.8133563322705849,0.7145107447246772,0.5540568024048835
0.9155816903712436,0.48274934534239644,0.648327865207017,0.5872722877597745
0.5533399716181444,0.5123792173273787,0.707366640924368,0.5473284158915896
0.9346715186930568,0.37638739952128697,0.9076508982536887,0.6629108828964729
0.38430772854578776,0.5588026161068755,0.9301361953808184,0.6165568086935476
0.7527319867344457,0.6254785182724616,0.9498954684444002,0.7181481402063877
0.2600094981036499,0.9981668496160577,0.011105700451222611,0.3558942346860363
0.8824878335122577,0.9757554754798545,0.10301709576292406,0.5104310476515775
0.05181021279426945,0.6735924151257069,0.6534484905647704,0.4738191633224741
0.6985274821576356,0.9181452596549369,0.4222480480804389,0.5840482935601837
0.009121063131027896,0.2943067114650535,0.9422582933873225,0.4670195434206506
0.9314260786289663,0.8626562686852873,0.46842905738721263,0.6324537192862645
0.09412733000782625,0.2421029010407364,0.3542291237956512,0.23314798583204666
0.6556750924331984,0.7633152983396215,0.49655588789943017,0.5587519631482982
0.38859073135458655,0.7762866037926279,0.9673683918510751,0.6975514841491357
0.7909747073015831,0.6895448757982918,0.9832343004264161,0.7583521243703706
0.6619215974249671,0.7537592877056999,0.5179236066907378,0.5656815484729985
0.7031630218049357,0.9760809469201954,0.9722249593367591,0.8223468721717495
0.146230992353797,0.8696568591969751,0.4658129888560538,0.4764684517722734
0.22785946646915933,0.036644079409860586,0.40277228420724753,0.21767403079968908
0.18265689057489987,0.954019067635621,0.2380014248374337,0.4179376683406398
0.7214375093118127,0.13879145276235283,0.2428348904139206,0.28305889385663663
0.841939599465581,0.11850693104740562,0.9085717662657948,0.5673687057136558
0.6638055740082305,0.603751992437101,0.09865418539113724,0.3533483866892313
0.14339796262041316,0.9223306449429243,0.49105581223873307,0.5018011109024532
0.2919238730183662,0.31047688155589426,0.5703207288430456,0.3796561306076598
0.3612160081908009,0.68253048601703,0.11842937624559813,0.32437409794150845
0.5765607812064876,0.22732998149470884,0.295564829266346,0.3017370823962486
0.14896627473066026,0.5689191818288409,0.9615039375676728,0.5850705845218535
0.04189296398335818,0.2416153068012269,0.502191614083747,0.2817398304705385
0.7506621031379153,0.06955373024380052,0.7182293748958644,0.458290289659069
0.2759319016725734,0.30003441129086184,0.8536015530089066,0.4866373249253359
0.16934481743263607,0.07634415977859532,0.5318804860184084,0.26952440582746917
0.26190201963571436,0.9916112208827573,0.17454747982376517,0.41968276212147615
0.05488612632846146,0.19588216666522607,0.48839377343590795,0.2650993846396233
0.4569897628441093,0.5823834328694465,0.16895990677196548,0.333696945138442
0.7601694868226674,0.5822255910094374,0.2271997805801237,0.4175814868994142
0.7792576276485512,0.45484247208821926,0.46772019591818215,0.47939234552344895
0.3075254364608795,0.15612342925332612,0.08633147901893956,0.14287470767574956
0.6642274426088198,0.9139907647525799,0.26587578427222613,0.5133930316564284
0.6853417203411291,0.20650758550272696,0.8545483294637324,0.5408399515045369
0.0876141656494851,0.1707993482581064,0.3436028897970298,0.20620379352614088
0.30325264357371184,0.8794527022572098,0.24316726623220108,0.42175324588478574
0.8573226216017412,0.5353559688201733,0.5166878140254313,0.5387464405765727
0.20477904768893818,0.6641876680518547,0.3660932499296832,0.3866494099252173
0.9391164186164868,0.6279429831301614,0.11834370472422939,0.42354366055203757
0.03206066127735485,0.4538339516497486,0.4880295256579208,0.3377741280135639
0.6775929239699404,0.8336476277000998,0.299393345922338,0.5053702114729532
0.20047889187781898,0.21022431239461115,0.923260318860718,0.47246719963823436
0.05090006368880973,0.39630296842547275,0.9278571909494217,0.5002137796451724
0.8598649536798215,0.9011559599245108,0.24772966413888287,0.5414116443688707
0.6942312624858538,0.030475782835118315,0.7217712433150003,0.4366974846737064
0.12392205687189062,0.04262025348449194,0.006021730044246554,0.03997917943742433
0.3843336664068796,0.3336651663885728,0.17412492143172642,0.24661625177063834
0.7008953413360998,0.28331021238552256,0.627556111792736,0.4761945766999711
0.04920014987126464,0.9132477658368753,0.8076674474669356,0.6068813387120897
0.0943285220796396,0.7427037570572976,0.7614457700986014,0.5462551395725578
0.7283030589774592,0.7360306483641654,0.011561552485473192,0.3710944272989307
0.2847731067661541,0.6461179003524102,0.077878509593995,0.2819413952965519
0.12452442185773616,0.4718564635634135,0.20941511280928438,0.250227868564285
0.9823714348971336,0.7723470007683921,0.604537149605666,0.6699932470522107
0.24479942370579122,0.2079634171712056,0.06569296400050795,0.1376260954927231
0.7003751366702075,0.3903774737273009,0.7330557110558013,0.5504105538745523
0.5376207738685153,0.30134632408510575,0.12878228032933992,0.24944096413097078
0.3805687084816374,0.7805890389094353,0.5476075327386805,0.5293334664646303
0.27581412916931347,0.24562966938445385,0.6177239327630522,0.3759412997544197
0.22916978799940557,0.5952555923874845,0.4222171357240534,0.39329748960574784
0.2877761715926357,0.30020581788597756,0.10996782872757982,0.19160411117535234
0.3391013768741038,0.6569146603259094,0.19503705248455872,0.34290949446641705
0.6163960511770205,0.5952645543534929,0.981578478562925,0.694489967966622
0.14781153889089804,0.04665830195084353,0.9403251948219452,0.4196898762922108
0.7305017658834501,0.21284112570510982,0.7888365559254528,0.5254873132584041
0.5253166101343415,0.8732250638125578,0.0280905380181381,0.3782670563778909
0.2549714334255049,0.819433537739207,0.16750021476596877,0.3638244339132506
0.6999495419163293,0.48084085605781135,0.8055929754085654,0.6064793553640355
0.9905030006201965,0.3162922576662348,0.00011379767881969372,0.29303379649543765
0.3095225328621525,0.037526766630579744,0.8947839149286637,0.43107610253306994
0.6262072515247298,0.8629218865137394,0.784545212483116,0.6979361012523142
0.0046161109641467135,0.33347354055537937,0.8130883644711137,0.4262006301478886
0.07767411596919815,0.7043163795456768,0.4631992003950536,0.41210941721556416
0.07648816674188896,0.8403475248317164,0.5852782707907973,0.5015131991142117
0.2742423935649787,0.8255429497784104,0.5690868208832809,0.5301460919998312
0.40915234418984814,0.14587912073492637,0.8259249364709622,0.45596417964683245
0.36327854123434933,0.5840163082142464,0.3950787512780993,0.4058921012223835
0.32013362046837623,0.16070533747414217,0.3389207919218926,0.24780664210467496
0.15175286986280145,0.13179882511641072,0.1772826746731444,0.14080329137674125
0.6851571990249048,0.9737977451755371,0.2990227460747876,0.5487798617875571
0.01282513779861616,0.6058605983180568,0.18020890242662413,0.25640676802578993
0.7504845612879523,0.6122347795153632,0.63771881560453,0.5888548723540115
0.7323345829421368,0.016447568457455097,0.18334568162862397,0.22473945977711346
0.12108242709242234,0.8401812716817527,0.2254268553802825,0.3664416090751233
0.6049443133915811,0.5384678246853727,0.26784117851174394,0.38966568148862557
0.5674244412991114,0.8703490439711901,0.49878284864941547,0.5741027409109455
0.31048064652581653,0.7393101674192454,0.5603913315457096,0.5080457121492208
0.3556182716125763,0.06442852706908653,0.14310273292209408,0.14769330561207883
0.8063932090392874,0.008431964189557828,0.3889669165744204,0.319394997694493
0.2016613907239938,0.0187588579242024,0.6710948898504328,0.31439789146223257
0.021344960757224474,0.4178833268745359,0.3023861454943253,0.25058844841153577
0.15080958408681777,0.4951634414761438,0.02045417781513048,0.18689262038625887
0.6617624831271735,0.2114797774116849,0.9884806255904812,0.5911886800851327
0.959692441089089,0.6733275358617884,0.12060265673440629,0.4421778116701168
0.7957245392202994,0.019126707392403075,0.2537420909721705,0.266379756450649
0.44792499748352455,0.35192413386768306,0.08670226088773292,0.22984314401210298
0.9744273246815542,0.5768915092794042,0.952209168594799,0.7488365851580518
0.08225782326344733,0.7895745842357195,0.24163356017901194,0.34997736399501006
0.9652258981283385,0.3949029444708907,0.44481632486554235,0.48944259291315184
0.49758051379373713,0.10209113404452796,0.5977014098619575,0.36922400691688884
0.1903666224471725,0.523706731190913,0.6073285487235923,0.43811676333614535
0.1053005442065107,0.4833558134478755,0.9120000857367243,0.5308668871703546
0.39421287157645746,0.47112925451352994,0.7496787300724848,0.5200528426983444
0.003424075285695438,0.822995249209509,0.4381384908352647,0.42283878615409765
0.3597555462462301,0.700368027672404,0.2958365254038996,0.40039612771252703
0.5128835867890551,0.5932311868276632,0.636583010337302,0.5351792775410308
0.7997786543902425,0.5469594385331025,0.6422734734682216,0.5809529518252678
0.8115651085809117,0.301027431495939,0.734590703360211,0.5464575325090484
0.37528505442247884,0.7815348444839543,0.8807711645273291,0.6618259300406137
0.05771836649569728,0.9783401670513012,0.8740153079078098,0.6546518465776539
0.1725349170526267,0.966700568457532,0.47278163558324793,0.5136298081810841
0.5560433509651709,0.7668445776989649,0.010994895958071682,0.34566000188595225
0.6876253119267406,0.7633159443088146,0.2731440353315441,0.4757774598106101
0.5376585087360091,0.39475489064468483,0.8542855433334098,0.5676723862739712
0.9658500587174836,0.8529269933767268,0.6289827002243092,0.7006411898462385
0.4769878054955261,0.9790153182270038,0.21046699070511354,0.47328895284925177
0.2177804481719826,0.5407646552913219,0.14546952304473393,0.2639732954396867
0.8102923321285601,0.9239564052333933,0.4643106237108088,0.6249696374800535
0.6292901726213429,0.7535047647253207,0.028751608852543686,0.36341010748288227
0.9143371593429644,0.3362069002010486,0.33077528025986414,0.4160396140328531
0.4329179005143089,0.24668266649425308,0.31616718732925897,0.2870552549828413
0.10652343236648687,0.7677509287392809,0.13981035596680214,0.30755410748180245
0.7396926464852642,0.5251836193567245,0.5218860144283641,0.5142480208754159
0.30919636254033034,0.4858782789653536,0.6670732827109095,0.47443206928203596
0.8170113663706553,0.27549031655269973,0.539162923510344,0.4617145376440786
0.8447007121080619,0.6348521970386193,0.5671867404909205,0.5862704977295664
0.3200031712731699,0.948232548463905,0.3157260473215493,0.4747608177224252
0.5375614092924741,0.49236962494444636,0.4391878967808719,0.4308983280541775
0.7610103693614821,0.24463644815974106,0.7948406739650721,0.5435292779062476
0.7174317056895073,0.11041294121450729,0.6757668726754037,0.44691697257241514
0.9258985297404595,0.3211233567755972,0.11383431739652938,0.3270504399393828
0.04821982906742173,0.3208830736156759,0.9795404995820669,0.49772508773101387
0.30539084802927474,0.7868694282625052,0.24361058045796902,0.39458323026779407
0.6687016258013773,0.32266936230162535,0.9727974559229463,0.6196601162199415
0.7482825803425655,0.58039009700348,0.7319930398297829,0.6165707611014702
0.9582117258359962,0.8104158625974975,0.34831818567968287,0.5740943782183217
0.9224092205732768,0.8200024402283997,0.04798317847776967,0.4496758475742832
0.6234751656079454,0.7939432986981475,0.06879453733302332,0.39039583766424263
0.2560352143551625,0.5507257919693068,0.7633914792127355,0.5217813721469188
0.4680779699103491,0.884875403028555,0.9899753105864103,0.7550683391252004
0.6582731572779775,0.09223816682745056,0.8616766258711804,0.5039967318523029
0.35418111898609106,0.9950535981138455,0.500641562001379,0.5696089280319234
0.44762325691525595,0.009090441947685934,0.16672496023874994,0.15894176806285695
0.7334082175743063,0.25401363292696166,0.14497782122118463,0.28087686188142363
0.35403590076759583,0.6732759100924495,0.22708415857952835,0.3636236166130653
0.3538153425551912,0.2838705043070304,0.29446687590058473,0.27371097016338125
0.8355387156149068,0.4375451255072472,0.4493938484084483,0.47812882013853486
0.32070795998173063,0.8303944737179298,0.5895262176284172,0.5490704211630919
0.7770844051732787,0.06147514655198871,0.05276183386530542,0.19496415854637453
0.3693729074472103,0.724033180742852,0.9758709544142635,0.681432917478003
0.7937488110366544,0.3039772828099443,0.9461859102571929,0.6284173111531913
0.11947462386616592,0.5057113453326099,0.9873663764212619,0.5705548789415209
0.2881410820567245,0.8218752342245683,0.3138069188796142,0.4297135542305611
0.9429766136744746,0.3116587000252967,0.8735769980400939,0.6315237319585215
0.6127521771477362,0.7827992179865468,0.5276417089951915,0.5684468844235879
0.721573281298287,0.8521618391924729,0.6322335529966554,0.6528566292160614
0.36701461547763337,0.4642189810026871,0.9210150083679332,0.581074620743506
0.056515961113777435,0.9625999814824238,0.3280558039779997,0.4313055082586825
0.38534474431581056,0.5058062353878802,0.817252925110659,0.5557119895237898
0.9923281859050777,0.4759967245721989,0.6184660290821125,0.5886510661855202
0.8852773828398779,0.723157740062414,0.22829457311679646,0.4853206278334184
0.21231955042182238,0.8041386066028899,0.0388171098963509,0.2992323360237718
0.8911562487173965,0.49555386760321996,0.48615725793178444,0.521360313197159
0.8373987025251609,0.26983000800514145,0.48391351047601505,0.44199414709698065
0.23511852926928856,0.9216679030909404,0.8126487523332028,0.6485835777144209
0.15063365371308435,0.4673212824933104,0.5316316074687939,0.3829757584781276
0.5132241062549368,0.2776857225485564,0.644625198210585,0.44380061729978826
0.5913559288069447,0.9189257401040559,0.5017779438062459,0.5946600853151041
0.33703335590613104,0.638244912334451,0.23948107976603183,0.35467257678797426
0.7494683206712747,0.26495118822011554,0.012280851663611703,0.2342913612657343
0.39631277707281887,0.9563096643772133,0.1660702830347437,0.4325835679416252
0.9065700132655837,0.9836421690894048,0.9301782249616496,0.8484779433645981
0.01351581402517077,0.2734329588260882,0.8137973308943944,0.4102519828106184
0.11125372540446077,0.14560907387258348,0.6111582028344799,0.31039674837645914
0.5872734559952748,0.23356031897146634,0.281395860049632,0.3000811309103477
0.48011645365514266,0.4071700503464779,0.8344007653316723,0.5519346119676408
0.5921915030289527,0.7597055498787827,0.033527268927209475,0.35976087314030913
0.7267087865566708,0.37048583166513427,0.8688459157093492,0.6040258730946142
0.8879992970371875,0.6679821885219042,0.14304882329894386,0.4352140452835863
0.5467889529646668,0.2007464196965143,0.7919439473737393,0.4863592954513834
0.4740516742163051,0.46271509196829774,0.3688936380440624,0.38118231765137534
0.3421023095398973,0.9691474365215236,0.9970997268062343,0.7580045835869302
0.29209763631505037,0.48104042350816434,0.9294742886651465,0.574521369781518
0.9812928543293881,0.4945042768917468,0.9045191827410975,0.7064175270298407
0.13462602821030123,0.8722910428063273,0.37197599274104454,0.43740291558037625
0.013982599245288774,0.31356662538381497,0.8930551905332768,0.4540885836775129
0.9771664050726506,0.6710849463030114,0.2440142080252139,0.4943644481155191
0.27421245190733035,0.43102308200412687,0.4251713068387465,0.35421793771820276
0.40247832060086774,0.701598845979296,0.9582778048888453,0.6742864398695005
0.0772057601358217,0.4933208042371142,0.9405347234314585,0.539651282670882
0.7280009289764501,0.8069340126670341,0.4117396102387896,0.5523762336909162
0.7802489764056517,0.46974990815844964,0.603566356969795,0.5384013105165832
0.7613787522500176,0.05925501330971683,0.04011046944491181,0.1860964422208833
0.8661931111062258,0.5312138693651484,0.9636678143789236,0.7180699087823591
0.1086769347367802,0.19155160934544235,0.3325660819518971,0.2122273025317476
0.6275453218404192,0.08741202650457636,0.5977629029165865,0.39083783348609136
0.27924282719326465,0.8652771258580828,0.8626390839803854,0.6604873367882319
0.19738241519560207,0.5559486988527674,0.638956044913597,0.4618435106603895
0.1445240511140108,0.7308862151817587,0.31339793171277486,0.3735298474624397
0.1669527470532174,0.4110627108500978,0.12541995946097817,0.2068773464500641
0.8201033789508317,0.25481057335752355,0.14699258312505448,0.2992608810474452
0.2608152939824109,0.5904374878496946,0.8605534929688451,0.5735157023389286
0.8011667754334907,0.7061536915215673,0.35767104785106485,0.5151478816835943
0.11837324127483706,0.05227094380858932,0.875608840633869,0.3895994676510919
0.059925158870532735,0.7481854667348403,0.3904433120234151,0.3926179966039247
0.8231397522247526,0.5392345209689031,0.7340883004576678,0.6200336269186886
0.39863441825090107,0.5965517191522011,0.9511743132725222,0.6391621247048495
0.9046042727090395,0.20644263429947285,0.44193087627103167,0.41962599534006245
0.18894190857471527,0.748885485322348,0.38245325774836836,0.4154353304109948
0.013794444758540192,0.7307937656307135,0.07920674992546561,0.25367971861110833
0.7264803145774276,0.9843400595305752,0.15104074988205973,0.501014380727482
0.9994175012980165,0.14611109175339787,0.8642461998883805,0.589415307740975
0.6205658224969091,0.9420569475675674,0.7366008840614865,0.7013706023942466
0.8468823774320804,0.9918346133003019,0.5954000475156513,0.7050868784827672
0.9605406157070028,0.9504564330317591,0.8060589270885543,0.79966862388635
0.41110471612829913,0.8393717142579956,0.25279121125709825,0.4351489420058978
0.9812547939654399,0.9052557117916995,0.7996031136179097,0.7876689177777618
0.046870972096943464,0.7825808079319987,0.0874733878994729,0.27913779195877747
0.9479595851121357,0.6135470355313395,0.23854503953900152,0.46907404349742965
0.8888131474596738,0.6014954739988504,0.07334850673101734,0.3875506743839968
0.04491219969657512,0.995370056621512,0.39841217547466756,0.4669583271156357
0.055626204026628656,0.19539380480968604,0.226588404679118,0.16037874411987874
0.4321713769694806,0.442203252789228,0.9722298203160668,0.6079871793570912
0.3590022417825146,0.9613140274492337,0.49242755234450164,0.5571656775290736
0.5895373819026727,0.5557088047512414,0.202335537021473,0.36555433261449616
0.8801432108092708,0.10176770489629217,0.8098866080589309,0.5305135968543142
0.4381430979807408,0.17970616210479395,0.06948099910940098,0.16933286787134674
0.5793203464042344,0.47527620504825385,0.743750405270901,0.5559470929036834
0.038219670070616885,0.6564689235976341,0.1435425635687142,0.2620016365208993
0.956323208572219,0.5646736610105788,0.9567732732610231,0.7433760493220267
0.6329069940915398,0.7856808577775168,0.7977651499212904,0.6813917161200792
0.007166813245177872,0.5636657371706629,0.5624133654255189,0.39549842997044204
0.7979200618953874,0.966710394633108,0.541591430929599,0.6662337031408495
0.06545760248869603,0.8411983535643165,0.5525568251094471,0.486473756610813
0.038408542629117415,0.07229654808824248,0.6245486977333297,0.27919015204562814
0.9069215076551957,0.6602562762617492,0.08717232910929118,0.41433011605328035
0.5238842826849558,0.42677997182687555,0.6036794361197128,0.47428262253293896
0.3691263700278775,0.3662047510689971,0.6234489170842317,0.4330662661599673
0.6793946290758754,0.42351877655177983,0.07066838802464503,0.29120191399056705
0.9838838238809399,0.5907249956231666,0.7286206891354154,0.6654425391173042
0.06341322897385782,0.9764961570621903,0.8294557942214515,0.6374138106020093
0.002371502348555432,0.4015926682385794,0.00691464260185759,0.12371795798202793
0.25599715382167376,0.43095884497398185,0.8911361621591628,0.5369415491201944
0.8687251315965872,0.7751288973665511,0.054959162265352135,0.4282673604354236
0.2174816374048223,0.4821057152181507,0.6921754945902151,0.4649982398824958
0.9700720367263237,0.932588727715818,0.30512527750986307,0.5958411366639553
0.8927619599016,0.9308411509389654,0.0192572040807234,0.465507618894299
0.0481616696385635,0.493568265847654,0.9343376782623662,0.5314378849869554
0.09483401044978135,0.3161728690821676,0.3590233120153079,0.2574279876207297
0.685261829426208,0.058693457114716296,0.8753925218030308,0.5048174117408688
0.8327123005005315,0.9827603767786395,0.9717331597243601,0.8500638370234422
0.6268793894003559,0.08273650448981917,0.8083514653710462,0.4735374153754354
0.312819673737465,0.5173952476575993,0.3639175974170188,0.3633495480115803
0.7401290494554209,0.1400625102188615,0.865037727158173,0.5360596538200119
0.5430323552053664,0.8597256004444588,0.7321278276511536,0.6593752822348724
0.39995721339685464,0.47227127877656694,0.896195337828106,0.5801509614435835
0.9601391112772161,0.8594277186583187,0.860065913638893,0.793882503308496
0.8083493063980084,0.7680038866063048,0.371360317723061,0.5406151543507175
0.5535603851310639,0.5245272755960472,0.9739670231593773,0.657657068968778
0.736824477364315,0.668219897113498,0.016509895015438647,0.35443482261308784
0.421645016690011,0.8648795407477309,0.0525041342137651,0.3647945192478275
0.21840336003069993,0.758291638488949,0.680576354803279,0.5433987054741363
0.7465164730169219,0.5674409670751702,0.0492700553865868,0.3392436068805702
0.9908295955077191,0.8196616025868224,0.22145730524304685,0.5326473219748092
0.8100650453423931,0.7844288062173179,0.9912384435891264,0.7938370283693246
0.31378048433036176,0.011445625660922665,0.7671082923657447,0.37303310151064706
0.31342278588138595,0.1933343994001363,0.4542641007531012,0.30239051729755856
0.5018319306809579,0.7987868843719373,0.1559401035771062,0.4023784928786152
0.0548744739482907,0.6774740661178419,0.36314622548608533,0.35947560481944485
0.07590442721778301,0.6320234999653909,0.08997419315832056,0.24077761269650208
0.6248849135029546,0.12425843668236303,0.21265919310442716,0.2473181909470707
0.7111340292533537,0.8725458641002877,0.9710746425325791,0.7924204220937887
0.7914730878826263,0.8912795778971753,0.2675929098841885,0.5327156548993532
0.6514566970473559,0.5087112481761976,0.5057069677222972,0.48518750095124935
0.11257846196233978,0.13052144073585625,0.4097712273480111,0.22558061555242928
0.710698124910804,0.864813007277677,0.43483127094685914,0.5755160355442075
0.7193265537728735,0.1914834356146521,0.6233152428186779,0.45063643856644153
0.9538565848876989,0.035006403859202506,0.7839209904475538,0.5148416343143221
0.7604814911721275,0.013254831804180411,0.02187134557282966,0.16482128600481147
0.9553750883757766,0.7070903226596568,0.06754007345245572,0.4302181438540346
0.0636327322896808,0.1209190537393654,0.633567296448532,0.3024291811591586
0.7423837360999797,0.1147916917619175,0.8519508996542081,0.5236946146102545
0.772559871560081,0.7321968157197969,0.770678720316302,0.6824425071544761
0.3686467467036768,0.4989518725551504,0.6937708254263248,0.5009232412778104
0.49112737518809835,0.890967049434552,0.7550385376306485,0.6675310049202448
0.5170195901002937,0.49733441339961104,0.24420822789250896,0.35028753319694567
0.0012845021195359019,0.3396803493438235,0.26592941580833795,0.2085327715503894
0.6784112177558236,0.6854371386547252,0.8315482387684354,0.6739326806549565
0.9659129433880288,0.9259858171325769,0.8478605707383323,0.8101225621127118
0.03516264508297218,0.12136823495854165,0.5518871009696165,0.2641978398920035
0.44222818694487476,0.6917006257011252,0.2851510218624099,0.4100162338442765
0.04372599809584554,0.23485312254301405,0.5458512130684867,0.297541621609468
0.6831182530225275,0.3171150167334287,0.5515965876445706,0.4523967906823624
0.7745279333852371,0.48246321196252506,0.8117868839608205,0.6243593038501332
0.19277227335129532,0.8892714244254433,0.6265625025674986,0.5559608830248914
0.2746538177369465,0.9553811289048963,0.2884703644440877,0.45693324799649326
0.4311456972836283,0.8587443174101881,0.4234175013299847,0.513219435211776
0.30843411931932796,0.08757069350295865,0.9570099764093658,0.4707620224784995
0.433909813785179,0.5814065584006722,0.4396862094597963,0.437078414061156
0.30402182665349464,0.5480310539602051,0.43554833012655225,0.3994330135693814
0.0719592397037504,0.21079746839055946,0.9262599194108064,0.4481350562222405
0.6585172687168517,0.46360976220224326,0.40715894627501903,0.43364996091405095
0.42161120154358667,0.1353914819287244,0.6679690257642874,0.3921272951930496
0.12637468893286574,0.051282872015734116,0.9924809408749704,0.43765217574128157
0.1457997563179455,0.43105852735717076,0.5032835725334496,0.35979093848412014
0.07885266650281475,0.25760722165911887,0.28926517538121055,0.20875876995078285
0.3681461889367682,0.2979428540073936,0.17718074747535217,0.23388439297971259
0.015733992350536297,0.757490874408775,0.3738965117007378,0.37995266547303486
0.059099021621722425,0.8948021478434435,0.9091499632185216,0.6439204339647862
0.728894571421591,0.42391994723338133,0.5145930340290018,0.4787921120659333
0.9987527949352453,0.2230444139937583,0.30737296116356216,0.3896130676506014
0.6015961887453871,0.38097849606885004,0.0077521007030170175,0.23771362685093925
0.7216187835323711,0.07274617444431764,0.15945609571821218,0.22993004732705435
0.6771410154173934,0.17939197221003345,0.534679462577865,0.40311757977763474
0.47174219414812035,0.33113131429880105,0.3000655404639716,0.313714049304853
0.3023904303756706,0.1963470871246209,0.25456564957891703,0.22120847204408722
0.9325382287984424,0.007892765584548544,0.8058917448438444,0.5112321733725909
0.9436280699803093,0.1218366778029839,0.23557051897242176,0.3195048249259258
0.5420855006236523,0.8664501151425711,0.5450358140801824,0.5863664602995748
0.6692345529010011,0.16727751680626635,0.3566001177142436,0.3266702127077776
0.632785936673064,0.40623082699264323,0.285971665132998,0.362815101485605
0.7141320007578479,0.7836354723423937,0.9524950379695785,0.758915057042119
0.5208908210728515,0.4968195271640379,0.524216471632604,0.4629106110168233
0.7596739944215086,0.5809265721691922,0.9668676114736375,0.7129598151245145
0.1594132058270692,0.8495800980514386,0.8905080350906606,0.6429598846171096
0.30801160217566337,0.5265258830512102,0.05735919032736192,0.24250376148144048
0.22633660760982532,0.6724593064657518,0.9424349558795836,0.6239790958135241
0.46400143792919146,0.05509217730427041,0.5890159193649179,0.3449343085230866
0.6393655656954031,0.024409328970584232,0.9503257568778788,0.5153262145814075
0.7629738647093344,0.4047166717921511,0.2062800876786569,0.35652180955097496
0.01861250320646557,0.7646092784937029,0.8045259133732628,0.5549156495387091
0.8441904115979885,0.328082919107227,0.5409929078726147,0.4836601212008117
0.779689828183415,0.7955387790948766,0.5052219416341264,0.5966883760187965
0.9948885501990703,0.5251441509406536,0.4576829988036535,0.5395941548434715
0.6226155306826728,0.9611545116181003,0.4825563132966305,0.6058919849406168
0.12769194786657545,0.8718298816894704,0.0881317485292945,0.32234005349187406
0.9664256030764733,0.3060117637736023,0.8096252508793499,0.6089387500991154
0.019493899217966293,0.7359468278347306,0.027182234054123566,0.23555572181566187
0.3224516217584561,0.6960308881198125,0.11971659090621756,0.321186227150122
0.5232715525054675,0.37261508426816337,0.10659102173529011,0.25907524447565855
0.33072188162470917,0.6829227356019367,0.3383820320367753,0.406374009820233
0.9374340732410387,0.06918002825750702,0.44736695586594033,0.387187605471836
0.44658280464452305,0.6414249377355218,0.06664197764633861,0.30840083330809664
0.1915915501178882,0.2671846745118769,0.050763422027257254,0.1387790811880436
0.039694410187731455,0.03219735195852447,0.36414578538969966,0.1632564017809835
0.1620571490566315,0.4875934290355217,0.29132832084733984,0.29522078686091874
0.8117575025062886,0.1681463351076824,0.08962229227248131,0.24864431794255498
0.2748158319314924,0.847363100033329,0.7995579408008766,0.6289952727166479
0.2636790094240218,0.838610368258335,0.8430050384347855,0.641520927736219
0.0360476539065927,0.5271076278033813,0.6075444695366721,0.40835960693700174
0.5899051943678959,0.5326112253937275,0.25551401188892464,0.37997001124726726
0.3348278907775002,0.7963895200009097,0.2727490940320244,0.4149820717685827
0.25090286655589245,0.7335297892139847,0.5315682131492802,0.482866795335086
0.44884257512435954,0.8796744912991261,0.9265679469392389,0.7242980411903054
0.48097744957103883,0.5540832303741294,0.4225881056063373,0.4314557012689816
0.7775571325097406,0.7381344115305658,0.5520982696383394,0.5977910578164536
0.9768945956180615,0.11003022268371443,0.5844209798626914,0.46215637787380315
0.9095005738186069,0.7858445635901224,0.03898402966408687,0.43324709570639286
0.43290220020166714,0.6350350953931391,0.020073013040230014,0.28512017387436717
0.4213197708263292,0.061875706017119,0.9274948506657702,0.47382460623670963
0.6714497381614793,0.06309855067574832,0.14763996411651814,0.21227549848162763
0.2866159781118842,0.4681827049465074,0.7094211019393666,0.4815464478820757
0.14819676628923828,0.3512430242382142,0.27847907634536495,0.24640389106745791
0.9925618419015324,0.5401539445693433,0.19202964683427326,0.43737041048481884
0.30268977467069735,0.8738329463386761,0.28881200126031215,0.4382126393398672
0.26999374084791883,0.6197227893530972,0.25294788726617135,0.34109473988198147
0.4303712770506454,0.8380068503679144,0.5868579939815092,0.5722195081131071
0.805287953744774,0.18295940263648647,0.7392111597002505,0.511629875420001
0.03383392582280209,0.23107841810979002,0.8546271947094418,0.4179411884812742
0.663162450117685,0.42076903143584954,0.4837246149145926,0.45235304542012894
0.5671787464585237,0.5066659256249247,0.7225141491909365,0.5544411866555568
0.15464866194258775,0.8634747854083527,0.013092023442914491,0.29520897738818913
0.27911388419782335,0.3176632262268657,0.2905685872355561,0.26734917960184684
0.47624343700489113,0.828937764659826,0.36064273773748834,0.4881871118939214
0.16799156295566442,0.6623025723139262,0.7397450348272462,0.5281870982162092
0.3185699298745578,0.3855551201103159,0.7179710802422484,0.4665689541049057
0.8136669995935121,0.2858440706405072,0.02875017283044745,0.25998669024303356
0.93539387669126,0.13499040655492023,0.03691646697369988,0.24234248409420803
0.7350670917668168,0.6558144216287993,0.10671611938965397,0.3864441925978648
0.24050464273446825,0.915194767858265,0.46078555604079596,0.5069735813206915
0.22055417246462528,0.8463463048036491,0.566506829216546,0.5246174576206382
0.4650495190717989,0.4103380637046802,0.12046767901303645,0.2642983945309784
0.02204913140371867,0.978374413592776,0.060689545125753974,0.3221979684088781
0.22675812084819946,0.19056628444759827,0.6330774698485162,0.3557524974433259
0.5528568411885917,0.2594526732065435,0.4676570611265336,0.37546999465029485
0.9408368668346494,0.5754425390218064,0.9329474807478004,0.7339791273725921
0.005149851659821181,0.745925490576318,0.9389455761205574,0.6003858479530826
0.32124002471015256,0.8303340653452251,0.9733396805788708,0.7026840967771464
0.0749003301949126,0.25121502633493586,0.5888800464696317,0.32589659252731595
0.32152010367439365,0.4729325990752763,0.5071382192871977,0.4090390881723407
0.8368705880971471,0.8134333345556076,0.5999959919580138,0.6514025147693172
0.13376051823869373,0.48996025396253684,0.963808874392715,0.5592637295935858
0.9575457313920442,0.4423084826870063,0.000884974499112734,0.3245556808841558
0.2352801657396385,0.3743456733032414,0.07816799622623949,0.19062693362939592
0.09340298320168139,0.5888789938115546,0.16153913980487122,0.2599599507057512
0.22624621041958426,0.21910375130002802,0.5505787260034656,0.3312118578753115
0.05896031313216765,0.5112171481069864,0.4214267726443264,0.33372791611625996
0.02325801989821863,0.725923441484262,0.3799778998486285,0.3744197963643737
0.5307072886761683,0.11849267235588823,0.746600653639687,0.4403295208978749
0.18501716463673024,0.6353071644559034,0.8701303711079296,0.5756477307072889
0.7641909819542076,0.05518076473829536,0.651859294682854,0.4301361436854717
0.33902198200990596,0.36225016464273707,0.4232171169218064,0.34576629256352487
0.25989194400905824,0.2229669525055179,0.3087497313830917,0.2423683671067037
0.6800478983908497,0.309054452996094,0.9536854582889317,0.6102000988925709
0.18460561124615293,0.2469488494466232,0.1973350055076264,0.1899397792862681
0.465755335753001,0.1851266269361086,0.5105447861020719,0.35290696967226154
0.881850617058687,0.26141714523962944,0.5517932605041883,0.4755125711853016
0.30117283134050854,0.0902982601676201,0.3298893752532137,0.2192797944196732
0.5996806863932329,0.3233537696434604,0.6127090062053994,0.4620258706538445
0.8734724715137758,0.7783524443863464,0.7678258788420133,0.7153305791554645
0.8996879545487151,0.8437150130279868,0.41321187258461134,0.5983368438519836
0.7356314566564797,0.8043762663652851,0.928133681711327,0.7596926439254124
0.02918392953304516,0.36033084743401766,0.12922364503676786,0.16562549815152147
0.7152534844286791,0.27206652613667803,0.7703384935586259,0.5328060521501896
0.09469398153835229,0.841026931030402,0.4920716569932554,0.4680755384140932
0.3330676061406538,0.765722969689176,0.6336103616382961,0.5497745567902019
0.9025952299863502,0.2699316065675209,0.05204028833201746,0.2823146433003333
0.7347751685877573,0.96210334007063,0.6509705315887446,0.6959742483742384
0.49607785276604355,0.9426720511381365,0.5883695184696964,0.6173649932825283
0.18071138898613248,0.3656388568536276,0.613884961486012,0.39138791944771956
0.5518651797301559,0.7320240504733502,0.32980760021911815,0.4619032911756835
0.1330810245007391,0.7924663308280626,0.36913457372960523,0.4120099336404087
0.2578239197832981,0.8310308304609736,0.17857053438660753,0.37230224684959473
0.25762928401514174,0.9499663272662308,0.8546522569007785,0.678376657743209
0.6502053055765105,0.6755791116547504,0.3252200358728008,0.4628028089608475
0.29268961481040345,0.971869346945757,0.11866282401455575,0.3975638566516301
0.1984714617407064,0.5027792989575435,0.45725682907515774,0.37343081366546743
0.08627639851571345,0.5973312284748835,0.8842597213579249,0.5501585367887777
0.1964961658872051,0.9345784879767532,0.3032108726778405,0.44095712864160325
0.26960985540435256,0.6958001538201114,0.5806480477802074,0.49492123633898694
0.5261411144442962,0.052642411821272383,0.33466194009296,0.25488572247242497
0.10647894445325745,0.5576667649124823,0.2971693840551072,0.3074635719864391
0.0489093029966261,0.7637909661326778,0.7146698299736515,0.5247870824285892
0.33536467392854763,0.6707057503672607,0.5154396600463481,0.47446052391442695
0.2560236698821845,0.3351586478976071,0.22946670043035022,0.24353900851785912
0.4288747434447707,0.2207816387759155,0.7354973622617734,0.4462083852264382
0.29807258058313946,0.6399506764834599,0.896865808701787,0.6103460425423808
0.10174750554551659,0.09560240741984882,0.9325410797339575,0.422046655228641
0.8798316948430078,0.6106647003709279,0.4965331819550459,0.5577790218618983
0.876805888098033,0.4866035045436087,0.9497326459003921,0.701235287342846
0.018511403523008507,0.9013420473275779,0.9687096639622047,0.661588760487757
0.8402460724182862,0.17910322946878887,0.40921470108181235,0.38546606375701886
0.13380775161131764,0.4366446984362925,0.9400993287534959,0.5337946913545497
0.6681052661701017,0.8040734169466199,0.312252494771723,0.49974407622669553
0.5001564214293992,0.18020384078342955,0.9947068163697189,0.5519751630687963
0.8151781711458193,0.8650550876817362,0.4885548189291662,0.6179740881053513
0.9420949026434979,0.8760867148282665,0.3199154522130949,0.5792111758624174
0.14544148542377366,0.19550790083678193,0.10403768630304189,0.12935574185700607
0.8277613365793183,0.8083246325957446,0.9786176231405901,0.7994967063508231
0.06046054765951547,0.6179486570179276,0.17435346700411836,0.2672180934389287
0.2608116582101764,0.40986322223646654,0.5924660857634232,0.41210773261834455
0.5029059508177706,0.899155867616361,0.732072244934365,0.6631568484222083
0.32927776215853977,0.585171160756345,0.7048816147606017,0.5233595465628521
0.880353566361999,0.8602237022112585,0.22885091408008984,0.5256781895678133
0.5755848541466397,0.21495751582864842,0.0385468559606289,0.19502296796217405
0.17521351751175462,0.06804939237701524,0.7454394894613469,0.35363331699999423
0.30781432333741077,0.645201654074534,0.18122301887941894,0.3276125684416099
0.0815025728282589,0.5042951657371547,0.05901260239825523,0.1911941052461003
0.9579190084562383,0.7115144372137459,0.4198696198357875,0.5729859807896864
0.2313449047054864,0.5090907011807121,0.8535948619937955,0.5404341360928291
0.623979039328709,0.019835541746064167,0.9474556678904069,0.5097287375457238
0.7540653260688256,0.5566318852880113,0.8545407899053571,0.6596189467623115
0.044769272654411885,0.11518742194872511,0.6159981836377015,0.28990935457058054
0.03882670285004053,0.42066884321975917,0.1536995133161163,0.1954457988623824
0.2789559421784765,0.9281776334530873,0.9911192366153054,0.7306921731177436
0.2893737008296716,0.6621378364056135,0.07759185910700428,0.28755283473042015
0.31877661963924697,0.1769111281307748,0.7869210358549126,0.4315970767090469
0.2478334246664584,0.8100896741721259,0.8347932311000321,0.6265108796249423
0.9879711450965466,0.6167547443154703,0.2936450304624696,0.5000786644989382
0.07375429076466877,0.5517648003188321,0.5518845182058588,0.4010341055309269
0.9069852778613927,0.49069657751083084,0.0285419420552252,0.3400228056476179
0.9396253030279912,0.7432171761468577,0.7851164225943628,0.7249367824874007
0.2887805484630428,0.5089696473088806,0.2655798818453218,0.31667895662340145
0.438124752069706,0.3161539481622193,0.5730957202683895,0.4117094229699628
0.4303024133567983,0.1364694269342538,0.21149127033697823,0.21159781888642712
0.05554642920110131,0.5821750205184045,0.6654260060274045,0.45193219440670346
0.3737982298221858,0.6770722822072778,0.8553734879617088,0.620030725811304
0.8928506344009958,0.3962262761739438,0.1786364018601322,0.3688925704764352
0.07187360575578838,0.4309704230894338,0.7492585855167487,0.4433692822846873
0.9591683731390392,0.09316380659881285,0.27194481785267366,0.3285607437485212
0.8580364731369686,0.8374036282782998,0.587961271521414,0.6580128917194492
0.4356399391215475,0.2756994685750892,0.07446098554701741,0.19962222261564322
0.17190180706176394,0.5210983425511804,0.7813051801154014,0.5032319362238674
0.9306707277788406,0.5290337045695792,0.20868942197203044,0.4283200257154541
0.07712190363802052,0.8728346672881769,0.016421606692509583,0.283843423591061
0.25946678331078776,0.8944729950269568,0.14724559428526662,0.3791334928843513
0.7010402208594773,0.18223610050368844,0.1094266580869725,0.23864953755779097
0.0564362220620962,0.6081758633544786,0.2083638958321159,0.2770855617516092
0.40337929054056965,0.9653429782753331,0.8356549924539598,0.7045407485722979
0.7317884611567939,0.613523535424424,0.2765817104544043,0.44104743704044763
0.12012054699123498,0.26822658115273756,0.8795386284268605,0.4563075351148125
0.48199253930637,0.12101536938841218,0.18994737670645834,0.208682069360381
0.11455449779799631,0.22064713247827328,0.820349262606616,0.41724474434572767
0.6572448711355369,0.11985589124394735,0.2085828316869539,0.2508388742750732
0.0683448382338494,0.7063528096258549,0.34716042154319127,0.3644389791518029
0.6110617565121054,0.3556855839634926,0.744529961220999,0.5267300109798685
0.4324813759818137,0.7444526243855556,0.4337291536984964,0.483323723991428
0.5898496395491127,0.9304536988410708,0.06616995614977916,0.42357402002205546
0.28212532737222074,0.9532441062126168,0.03978418297635389,0.35831197052877073
0.3273813596343673,0.16700278342842778,0.7598373419662232,0.4195120437418911
0.5517051093278628,0.5345263230698082,0.6647357466114218,0.5365932174310837
0.051203500981615746,0.4677568425303842,0.5036740610837418,0.35203737738893515
0.7844573680688236,0.7925678719770987,0.7194667587958256,0.6824485387252246
0.08226999420864878,0.45296047923766325,0.9142154065464413,0.5180283052316053
0.17580140921313658,0.5101515549527859,0.9739215533233814,0.5777743696578156
0.4016724263627951,0.9018353533692092,0.016165450486378852,0.3573512714778733
0.9635665681668765,0.8058982769722319,0.2577690281511804,0.537590407985517
0.4351031068998007,0.6321089922675196,0.2466531546431714,0.3753145809174846
0.6094998821186985,0.052531776623944815,0.5290486404181276,0.3492789655781742
0.4388301014703775,0.1782053946098131,0.4975681789502656,0.3402549102571257
0.3982374021206446,0.8091004475493963,0.9793603511121732,0.7141217551338171
0.385143674033813,0.30059344444346603,0.39370988221674663,0.3246907210265011
0.8685551684794994,0.5582449321189435,0.7664114626430872,0.6477490983888179
0.8863167375253106,0.564545344514386,0.21937514651698475,0.4343770094661718
0.007492881667466422,0.9903953892698977,0.5090908750068047,0.5022535431171844
0.14469859913488192,0.9138953041614308,0.4196536737243597,0.47096978056514954
0.7085295699404215,0.9594766093996816,0.9177508090615416,0.7966492204326054
0.880738250624862,0.5518552179767653,0.6483082329322166,0.6010275086908887
0.7362641343658691,0.17528166228228126,0.8319422826641468,0.532614238623517
0.6498981314204009,0.5939743476925022,0.10021102731685638,0.34825634151857343
0.7072899632584222,0.8932464203192945,0.7079167523887272,0.6925986197029637
0.9102316946914721,0.14716091367308193,0.3678293283762747,0.37332634439072887
0.7469505349582142,0.21251565691726648,0.3378598425171663,0.34828874107368935
0.37220993369887323,0.026771082700367987,0.013660396181879642,0.08793747002263691
0.9146402247046487,0.2892477119158162,0.9521149290077087,0.650548330118758
0.07086504193408072,0.03989331645847616,0.34346065415466687,0.16352526498622574
0.08580015891032322,0.670861109794069,0.20566810938460667,0.300685608474128
0.11772569363707608,0.594425723320166,0.24032606507736054,0.29800328175440927
0.7271230896806947,0.3788095945821459,0.260905575338259,0.36342972644608634
0.9833236775661256,0.42389434454354524,0.1927257919584454,0.40092335565966686
0.9128376945967982,0.3947326520464822,0.00847167820200534,0.3043760058141064
0.7095131304996739,0.6728731593840646,0.6195032010934063,0.5915658543525166
0.21053708164651608,0.25928811289549214,0.6080479361277566,0.36311302464905354
0.36781062690745503,0.027984302400586802,0.1180618757089773,0.12918216638525798
0.027308225707801115,0.656404519675899,0.0779051308222326,0.23354505337322295
0.5033142457635088,0.12069298057958155,0.8111089282104834,0.4613143146107696
0.763633143631417,0.6080604120516286,0.9856215386317377,0.7293933677944671
0.8462846438095167,0.9252910261146176,0.4374976100226379,0.6218432806053438
0.13980412948354126,0.31352923083191475,0.8708507329879159,0.4703598883414491
0.43015536315751113,0.868355548799923,0.5035627129155441,0.5479628224376968
0.7539408347051363,0.6653850758839664,0.1032522286365074,0.39170458116082013
0.2561470758235369,0.00980329909062505,0.8604861356702966,0.3983648591600136
0.49405747302617364,0.6109713584900356,0.9199392508092307,0.6500786024759377
0.7261558304406854,0.9708006369432735,0.6674467429554347,0.7034500543532931
0.888479047845055,0.6263124542275004,0.3669738442164041,0.5123790835238228
0.05253326288846283,0.9205100917104155,0.21730986390195695,0.37358362565159997
0.5799062382446012,0.9655091133507623,0.22007192940084375,0.49366275341448645
0.6652542186444906,0.9674847342741529,0.472225233663255,0.612186357476446
0.039617910044554394,0.6187927841831256,0.27046730714675515,0.3017483401225506
0.4528779368783029,0.47409273215757464,0.20564394930928942,0.31506098674664873
0.9161469985942341,0.6422690246356224,0.8068223442767568,0.6986390448202363
0.3135803601497522,0.5016619656297554,0.9640695802259243,0.5988424938092468
0.567006185458799,0.20711139561514647,0.9619515842564507,0.5603152894788841
0.5165377503063299,0.8676746486683444,0.17263812858152827,0.4326651960943806
0.20259431756376423,0.45340897837416205,0.26809159634564816,0.2837781955632607
0.45534040774241946,0.27685237878629454,0.4563863065250652,0.35667831779439835
0.8714566650658093,0.6092527391685164,0.004182100789702048,0.35873999507959764
0.3835880030386699,0.5016715756277259,0.597797209939067,0.4663379572716786
0.8326169608815269,0.4657086582932283,0.6031099410988014,0.5474799661037945
0.46844041582504103,0.39080897917230184,0.9042380027831822,0.5726259780299716
0.2829263241558847,0.9741663773144776,0.8482405523306976,0.6881313989577993
0.2840658409182657,0.1945429275366738,0.04731951656712097,0.1341038530715037
0.09766140157594216,0.3714310181911842,0.43335223088195773,0.3043024781253268
0.3797695601446731,0.9388120359591473,0.1066701427566299,0.4002655799193308
0.8859192320964641,0.1978637240619453,0.8619878815019004,0.5813381162386366
0.925326841152787,0.23287034207235957,0.9401126628853219,0.6309715360063941
0.4573762807617058,0.43849884334222633,0.331659372016339,0.3556886579615447
0.9827710288470661,0.23118866516087855,0.8023421627391385,0.5868476704133323
0.7406917410462256,0.5051692105956692,0.4785864950416706,0.49112370940461414
0.8331256422917287,0.12868561438072945,0.7603824193399205,0.5093837805085328
0.021403012276203337,0.5167452048185724,0.6623561230685138,0.4242466131282179
0.6110644160573004,0.5842577751146087,0.1285823147983738,0.3489231416651922
0.2971256679347809,0.7281092014911116,0.3824931401108642,0.4308551500786354
0.20906449975954344,0.33681624880239724,0.46941684599871814,0.33062451299211515
0.2661830620775891,0.27188661434518546,0.37058393147349966,0.2830361693084733
0.6974804819799058,0.7443557738850879,0.9329379486701187,0.735978008029555
0.40978839794193567,0.08786574809766534,0.015608117006574274,0.11456065082031644
0.8150282304476878,0.6629618582791675,0.12520962025270932,0.41197805167437157
0.562130183671824,0.8935865606879273,0.5725763184935044,0.6095325323381448
0.5538013077323614,0.8919711144740415,0.46381909532599364,0.5638792340190821
0.9544379338422034,0.6140675832383937,0.33163165255920946,0.5077605227636426
0.7263129263474101,0.009933298331390783,0.9888081727619831,0.5437658438736925
0.7963132582724646,0.1208813964178247,0.20044053861367062,0.2757032860253086
0.6934893588802831,0.872495994526857,0.6917751066681546,0.6771567128013756
0.5995146016585168,0.9226824057219558,0.6491084698186823,0.656351029975763
0.15232461582458334,0.6918492686158974,0.45607661937918453,0.4204503515013597
0.3446852549222138,0.0025802671056914805,0.49683275858976783,0.26844423455205735
0.20263622402263415,0.25292449323816646,0.9126881617352847,0.48147985747009064
0.9936670932657308,0.1447808818328884,0.883590527591993,0.5956038942398099
0.9835885887343331,0.6569195374533467,0.5583836248976768,0.6171470289419414
0.9053496505479504,0.8110704341731307,0.829001145193839,0.7559915184390649
0.03926106440665367,0.1509735724991087,0.6022979721959778,0.2940634735094545
0.49004716615149024,0.37163209701322186,0.654474396800119,0.47128882105431225
0.9219618489020512,0.47018137521290726,0.27849308364437775,0.4368440158020335
0.8978784945986723,0.5044294251468017,0.6100808165541616,0.5749368530854396
0.3654052083270837,0.967867928777751,0.8615130275329812,0.7080466313119345
0.14698097129330967,0.4727061322810897,0.9874479374055558,0.5661872089052111
0.4017454182187754,0.12280202424140851,0.5965144233514922,0.35579546025677455
0.5476664242112523,0.4047385003503974,0.5355034627257068,0.44515622003765243
0.44051564448590597,0.6770183997261012,0.04420128237585541,0.3088891617653537
0.09986318962754692,0.17041113780028105,0.31728970538472334,0.19801186141948307
0.7439159967420405,0.15147739986917985,0.31590642854184525,0.32058899072590014
0.8804312738172477,0.29359161381503773,0.5462630737689447,0.48266896841553875
0.7395255295951424,0.27294492992722186,0.256325713754883,0.3323188703991482
0.6257714149827998,0.8580854255590005,0.01329037814552847,0.38789606192247145
0.648565587930829,0.33161405592681836,0.845233014945648,0.5672905403424705
0.5614622576074317,0.3053924287565154,0.6424515011137142,0.4608907805939267
0.01672445535226419,0.8434714449855377,0.3237687251231972,0.38589381461539307
0.24994537724752708,0.8433197656152643,0.12472652328656919,0.3528756144487124
0.5090220751239972,0.6371956370768875,0.49823745203891023,0.49225808696342976
0.28639690062729894,0.4443340021150983,0.9784021185646802,0.5819404281858613
0.5983315142491549,0.2337844056380879,0.26368084698155225,0.29527396333387823
0.7968534988722611,0.9717832534276596,0.20132157394917216,0.531434305382419
0.8604675855513101,0.2963007974483266,0.19577176239656757,0.339292461303387
0.30025090581062774,0.1988560070273344,0.6166109836208468,0.3663513767186646
0.1264550039266018,0.3330794208629366,0.2353219708962675,0.21934361540270836
0.18491544180626007,0.2353699929899541,0.17187766614295152,0.17634515271541884
0.15903035159165002,0.40568526491806334,0.6926963765952024,0.43059020043183
0.6833372706423422,0.48426087757620573,0.044367135069844466,0.299692571429268
0.46474314680411244,0.3991812481466839,0.7072938485743977,0.49562054323458676
0.43087121959794394,0.4467624932155265,0.33582625285066214,0.35453349302451165
0.8373541138268638,0.442468665700538,0.7891359785835924,0.6158658139089711
0.8833075401866882,0.5750175111559226,0.8906052931638964,0.7054088786496729
0.8161487243880678,0.88478466555059,0.4748947381841184,0.618623039816438
0.7049092105821133,0.469298787033828,0.15941335160644432,0.3455368188691488
0.3043844875537688,0.7572728715484166,0.7821727066129257,0.6009278416204491
0.8290407947137037,0.3923693804097199,0.04104791200696123,0.2999381378684412
0.8689966047016328,0.3660028788776839,0.131385388308348,0.33615433992697097
0.6991888499769617,0.16645559903145035,0.7346529800983224,0.4836356417441564
0.9658993217204894,0.7191982051380662,0.4848684643533242,0.6028867116268475
0.37210237914642985,0.26068881795034726,0.4445894216305277,0.3304628898666012
0.14086366413243157,0.4337528700815514,0.13407315341480663,0.2119278552168744
0.6104323536251668,0.45241783424335114,0.11686936764046552,0.3045595680542249
0.49631479439002124,0.09641618262388563,0.6449492442068405,0.38616751134790617
0.2843343742927753,0.8337136954198211,0.6929746647211199,0.5841708493729494
0.10534552949786125,0.7179835912591986,0.2788767106170973,0.34801486752417077
0.17567027840678884,0.9273084616013322,0.9833639112409531,0.7066721586581386
0.05178056549386356,0.9376413790239889,0.8487311971149448,0.6311410056519473
0.511864194929416,0.48659740039506916,0.01213259013948953,0.25320509516019973
0.4213946107625276,0.9068276423989277,0.10004329952019675,0.39634453468026254
0.9389901895432508,0.1132120075295705,0.7946158231168742,0.539607969414271
0.6182410665385929,0.23039938476213884,0.9997118863902098,0.5926527832924442
0.9124328713187837,0.5174538910291303,0.40370513701897104,0.49920479638008425
0.18689278902872053,0.06942141753102771,0.9262461738873127,0.42870345261997755
0.7372168133903355,0.25693533398272195,0.23565736322865305,0.3187869081643449
0.3269272566329532,0.849204095728646,0.45872146633887734,0.5036352665807353
0.057952205250114686,0.90081788242887,0.42704807948718637,0.45265503757355846
0.5705296120861268,0.8463686776784178,0.8002481942059889,0.6881158034031463
0.28442591188972566,0.8077960433436601,0.6127608675910561,0.5443283424174656
0.2479040172594026,0.7894527244998104,0.9206258913004292,0.6546669773219953
0.06037083780327934,0.027635248480964547,0.01835011289196764,0.027704787261732287
0.1545641071711148,0.4389731967893349,0.9088342469983842,0.5261384792703772
0.6145679811715107,0.10926035629414788,0.35582260882101635,0.2980207466509531
0.10913280420690163,0.7320472457826096,0.20429829490206208,0.32316005253698804
0.564423247176556,0.9001638272569045,0.28882794518516064,0.4984649756864468
0.7967498881212112,0.7557393982318497,0.9879083031667294,0.7812351183604889
0.5084927954552043,0.03538438636789398,0.4317365091359834,0.2850084786558024
0.4329426489293957,0.8164108123852245,0.7209779836332592,0.6199029669547502
0.16618929135370009,0.7325943518999174,0.3911502048803468,0.40947624579285397
0.8788669602721223,0.8685934190790429,0.7314291854929496,0.7289230919753171
0.7603545049994835,0.5058158475277806,0.26322277798561156,0.40910476645247557
0.9506399728146769,0.23148812797943008,0.12480842918347235,0.30949780463015336
0.38362176210240273,0.1835049106863742,0.6742237688187416,0.40146533315388944
0.09156803211910425,0.8297184229791305,0.4467352146956506,0.44592321919582023
0.9558082122550062,0.6688738266673122,0.19125861846117453,0.46832723783566477
0.7217315840995838,0.9029601275996351,0.9229336001492606,0.7844077951595115
0.3766337153037268,0.7027568512046385,0.12008327206547231,0.33418710724832584
0.7628804522417607,0.3815207346357322,0.4780231988391719,0.45824159037474055
0.093611199768601,0.39007721748922697,0.061242123451276886,0.16024225458099903
0.5104935788009581,0.4345595594361946,0.8251286792439784,0.5625180552886414
0.46643839233158,0.9432535530442857,0.5868442192410895,0.6110014320760375
0.223742773155995,0.4435589379533822,0.43737984281243625,0.35276817314218817
0.929465236412651,0.33895009917465,0.5687088487274296,0.515061616525897
0.827223755543728,0.5005704283496145,0.9369438251087876,0.6903934096571449
0.4353202381154747,0.01757994172179511,0.6484234964343548,0.3517074287133754
0.2682291594264734,0.8857839878772439,0.2053238129713708,0.4015105534370162
0.5480842883200375,0.18274985391116538,0.7219648659132216,0.45322776020264577
0.34149529088967157,0.716762828351849,0.3968213077660586,0.44205642978991244
0.7880355886873226,0.332099696016283,0.8885352961691296,0.6126511450100013
0.4385250664772248,0.19078613491428242,0.8668552777851551,0.4916829648837917
0.21676223230650704,0.566556740029157,0.5341811565168684,0.4269919310767959
0.5918249403384097,0.1709307817323551,0.6467991974608485,0.4283639015717279
0.5491026781544462,0.11554027664135957,0.5304519404788581,0.3566633948148404
0.15236724063482465,0.7221862359558074,0.12796273184890516,0.2983144116532692
0.5803907328435856,0.7867215938372458,0.9177080035730301,0.7191778261491029
0.4813189360322987,0.7406023788038162,0.6358934077211471,0.5728018639360635
0.7506400331988672,0.601719415255034,0.7855759931824103,0.6448742284892477
0.34791886526667526,0.15497680784413692,0.6805155386937053,0.38828303088405824
